Designator,Footprint,Quantity,Value,LCSC Part #
BT1,JST_PH_B2B-PH-K_1x02_P2.00mm_Vertical,1,Battery CMOS,
"C1, C2, C3, C4, C8, C9",0402,6,100nF/16V,
"C10, C41, C7",C_Pol_EIA-B,3,C_Pol_100u_10V_KEMET-T520-B,C600583
"C103, C104, C107, C108, C109, C110, C112, C113, C114, C16, C17, C204, C205, C23, C53, C54, C55",0402,17,C_100n_0402,GRM155R61H104KE14D
"C106, C111, C75, C76, C77, C78, C79, C80, C81, C82",0603,10,C_22u_16V_0603,CL10A226MO7JZNC
"C11, C12, C38, C42, C5, C6",0402,6,C_1u_0402,C2182694
"C18, C32, C37",0402,3,C_100n_0402,C85960
"C22, C31, C33",0603,3,C_22u_16V_0603,C2762594
"C57, C66, C67, C69, C70",0402,5,C_1u_0402,C1005X6S1A105K050BC
C61,0402,1,1uF/16V,
D1,SOT-323,1,1N5819WS,
"D10, D11, D14, D19",0402,4,0402ESDA-05N,C316049
D12,0402,1,PESD24VS1UL-N,C406227
"D15, D16, D21",0603,3,LED_G_0603_LTST-C190GKT,LTST-C190GKT
"D17, D18",PLCC4_3.2x2.8mm,2,LED_RGB_PLCC4_ASMB_MTB1_0A3A2,ASMB-MTB1-0A3A2
"D20, D3, D9",SOD-523,3,PESD5Z5_0F,C552600
"D27, D28, D29, D6",SC70-3,4,TPD2E2U06_SC70,C1855726
D36,SOT-23-3,1,BAT54C,BAT54C
DC1,DC-IN-TH_DC-044A-20A,1,DC-044A-20A,
F1,0603,1,6V/50mA,
"H10, H11",Spacer_Drill3.7mm_H2.5mm_9774025151R,2,Spacer_Drill3.7mm_H2.5mm_9774025151R,9774025151R
"H2, H3, H4, H5, H6, H7, H8, H9",Spacer_Drill3.7mm_H2.5mm_9774025151R,8,Spacer_Drill3.7mm_H5mm_9774025151R,C7496631
HDMI1,HDMI-SMD_HDMI-019S,1,HDMI_A,C111617
J100,Bus_M.2_Socket_Key_E_TE_2199230-6,1,Bus_M.2_2199230-2,C23731731
J2,Hirose_DF13-04P-1.25DSA_1x04_P1.25mm_Vertical,1,Conn_01x04_Pin,
J8,Bus_M.2_Socket_Key_M_TE_1-2199230-6,1,Bus_M.2_1-2199230-6,1-2199230-6
L2,L_Coilcraft-XAL6030,1,L_1u8_14A_Coilcraft-XAL6030,XAL6030-182MEC
L3,L_WE-MAPI-4020,1,L_1u8_6.8A_WE-MAPI-4020,74438356018
"Q10, Q6, Q9",SOT-23,3,2SK3018,
Q11,SOT-23,1,2N7002,
"Q3, Q7, Q8",SOT-23-3,3,BSS138-7-F,BSS138-7-F
Q4,Vishay_PowerPAK_1212-8_Single,1,SI7613DN-T1-GE3,SI7613DN-T1-GE3
"R100, R107, R110",0402,3,R_15k_0402,CR0402-FX-1502GLF
"R101, R118",0402,2,R_100k_0402,CR0402-FX-1003GLF
"R102, R115, R119, R126, R130, R132, R133, R134, R137, R178, R192, R193, R194, R195, R238, R239, R240, R241, R242, R243, R244, R245, R314, R315, R316, R317",0402,26,R_0R_0402,ERJ2GE0R00X
"R104, R113",0402,2,R_0R001_0805,MSMA0805R0010FSM
"R105, R182, R183, R184, R185, R186, R187, R188, R189, R190, R191",0402,11,R_1k_0402,CR0402-FX-1001GLF
"R108, R116, R127, R128, R135, R136, R140, R141, R142, R152, R153, R30, R63, R70, R86, R92, R96",0402,17,R_10k_0402,CR0402-FX-1002GLF
R109,0402,1,R_110k_0402,CR0402-FX-1103GLF
"R117, R87",0402,2,R_30k_0402,CR0402-FX-3002GLF
"R129, R138, R139",0402,3,R_220R_0402,CR0402-FX-2200GLF
R131,0603,1,R_0R_22.4A_0603,PMR03EZPJ000
"R14, R64, R71",0402,3,R_2k2_0402,C2076845
"R15, R332, R333",0402,3,R_470R_0402,CR0402-FX-4700GLF
R17,0402,1,R_330R_0402,CR0402-FX-3300GLF
"R32, R33, R38, R39, R58, R59, R61, R62, R65, R66, R68, R69",0402,12,R_0R_0402,C242160
"R36, R60, R67",0402,3,R_10k_0402,C202396
R37,0402,1,10K/1%,
R40,0402,1,1K/1%,
R47,0402,1,24K/1%,
"R91, R99",0402,2,R_68k_0402,CR0402-FX-6802GLF
RJ1,RJ45-TH_HR911130A,1,HR911130A,C54408
SW1,KEY-SMD_4P-L4.2-W3.2-P2.20-LS5.1-TL,1,K2-1808SN-A4SW,C92589
U1,USB-TH_USB3.0-A,1,HC-USB3.0-L168-WP,
"U10, U13, U15",TSOT23-6,3,AP22615A_TSOT26,C2680357
"U14, U16, U8",USON-10_2.5x1mm_P0.5mm,3,ESD204DQAR,C553132
U19,QFN-20-1EP_3x3mm_P0.45mm_TPS56xxxx,1,TPS56C230,TPS56C230RJER
U2,SMA-TH_SMA-KWE,1,10GHz,
U20,SOT-23-5,1,TPS3840PL30DBVR,TPS3840PL30DBVR
U21,SOT-563,1,TPS564247DRLR,TPS564247DRLR
U23,SOT-23-5,1,TLV73333PDBVT,TLV73333PDBVT
U3,CORE_BOARD_CUSTOM_440_PIN,1,KBLH-E61_COMe_Type6_16U,C2761498
U37,VFQFPN-40-1EP_5x5mm_P0.4mm_EP3.5x3.5mm,1,9DBL0651CKILF,9DBL0651CKILF
U38,VSSOP-8_2.3x2mm_P0.5mm,1,74AUP2G132,74AUP2G132
U4,LQFP-64_L10.0-W10.0-P0.50-LS12.0-BL,1,STM32G0B1RCT6,
"U49, U50",SOT-23-8,2,INA219AIDCNR,INA219AIDCNR
U9,ESSOP-10_L4.9-W3.9-P1.0-LS6.0-TL-EP,1,CH224K,C970725
USB1,USB-A-TH_H181-AF2R06-12ALCR,1,HC-USB3.0-L175-2X1-P,
"USBC1, USBC2",USB-C_SMD-TYPE-C-31-M-12_1,2,TYPE-C-31-M-12,
Y1,Oscillator_SMD_ECS_2520MV_2.5x2mm,1,Oscillator_32.768kHz_ECS_2520MV,ECS-327MVATX-2-CN-TR3
